﻿"Variable / Field Name","Form Name","Section Header","Field Type","Field Label","Choices, Calculations, OR Slider Labels","Field Note","Text Validation Type OR Show Slider Number","Text Validation Min","Text Validation Max",Identifier?,"Branching Logic (Show field only if...)","Required Field?","Custom Alignment","Question Number (surveys only)","Matrix Group Name","Matrix Ranking?","Field Annotation"
db_1,demographics_baseline,"<div class=""rich-text-field-label""><div class=""rich-text-field-label""><p>I. Household<br />In this survey we will ask questions about you, your lifestyle and your resources.</p></div></div>",radio," What is the highest level of education that you have completed?","1, Less than 10th Grade | 2, 10th-12th grade | 3, High School Degree/GED | 4, Trade school/apprenticeship | 5, Partial College | 6, 2-year College Degree | 7, 4-year College Degree | 8, Graduate Degree | 9, Unknown/Unsure",,,,,,,y,,,,,
db_2,demographics_baseline,,text,"What is your date of birth?",,,date_mdy,,,y,,y,,,,,
db_height_info,demographics_baseline,,descriptive,"What is your height? (feet, inches)",,,,,,,,,,,,,
db_height_feet,demographics_baseline,,text,Feet:,,,number,,,,,y,,,,,
db_height_inches,demographics_baseline,,text,Inches:,,,number,,,,,y,,,,,
db_3,demographics_baseline,,radio,"How would you describe your ethnicity?","1, Hispanic or Latino: A person of Cuban, Mexican, Puerto Rican, South or Central American, or other Spanish culture or origin, regardless of race. | 2, Not of Hispanic, Latino or Spanish Origin. | 3, I don't know | 999, Prefer not to answer",,,,,,,y,,,,,
db_4,demographics_baseline,,checkbox,"What is your RACE/ETHNICITY? Please select all that apply. Please select other if you do not identify with any of these","1, Black or African American | 2, Native American/ Alaska Native | 3, Native Hawaiian/ Pacific Islander | 4, Asian | 5, Hispanic/Latin | 6, White | 7, Other | 999, Decline to answer",,,,,,,y,,,,,
db_4_others,demographics_baseline,,text,"If other, please describe here:",,,,,,,"[db_4(7)] = '1'",,,,,,
db_5,demographics_baseline,,radio,"Which best describes you? Are you...","1, Not Married/Partnered | 2, Partnered/Married | 3, Divorced/Separated | 4, Widowed | 5, Other",,,,,,,y,,,,,
db_5_other,demographics_baseline,,text,"If other, please list:",,,,,,,"[db_5] = '5'",,,,,,
db_6,demographics_baseline,,descriptive,"How many people currently live in your home (including self):",,,,,,,,,,,,,
db_6_children,demographics_baseline,,text,"Number of Children:",,,,,,,,y,,,,,
db_6_adults,demographics_baseline,,text,"Number of adults:",,,,,,,,y,,,,,
db_7,demographics_baseline,,text,"How many bedrooms are in your home?",,,,,,,,y,,,,,
db_8,demographics_baseline,,radio,"Do you feel you have stable housing?","1, Yes | 0, No | 999, I decline to answer",,,,,,,y,,,,,
db_9,demographics_baseline,"II. Finances
Family income is important in analyzing the data we collect and is often used in scientific studies to compare groups of people who are similar. Please remember that all the information you provide is confidential. Please think about your total combined family income during the LAST 12 MONTHS for all members of the family. By this we mean adding together the income earned by all of the adult family members living in your household.",radio,"<p>During the LAST year, what was the total income of your household from all sources before taxes and other deductions? You best guess is fine. <span style=""font-weight: normal;"">(NOTE: This is confidential information and your name is not connected to this data.)</span></p>","1, Less than $10,000 | 2, $10,000 to $20,000 | 3, $20,000 to $30,000 | 4, $40,000 to $50,000 | 5, $50,000 to $60,000 | 6, $60,000 to $80,000 | 7, $80,000 to $100,000 | 8, $100,000 to $120,000 | 9, $140,000 to $160,000 | 10, $140,000 to $160,000 | 11, $160,000 to $180,000 | 12, $180,000 to $200,000 | 13, $200,000 to $220,000 | 14, $220,000 to $250,000 | 15, Greater than $250,000",,,,,,,y,,,,,
db_10,demographics_baseline,,text,"How many household members are supported by your combined family income (including yourself)?",,,,,,,,y,,,,,
db_11,demographics_baseline,,text,"How many of these people are children? Please include anyone under 18 years ",,,,,,,,y,,,,,
db_12,demographics_baseline,,radio,"How has your combined family income changed compared to your combined family income before COVID-19?","1, No change | 2, Minor decrease | 3, Major decrease | 4, Minor increase | 5, Major increase | 999, Decline to answer",,,,,,,y,,,,,
db_12_1,demographics_baseline,,radio,"Was your change in family income pandemic related?","1, Yes, directly related | 2, Yes, possibly related | 3, Not related to the pandemic",,,,,,"[db_12]=2 or [db_12]=3 or [db_12]=4 or [db_12]=5",y,,,,,
db_13,demographics_baseline,,checkbox,"What type of employment do you have? (Please check all that apply)","1, Working full-time | 2, Working part-time | 3, On maternity leave | 4, On other form of temporary leave | 5, Looking for a job | 6, Student | 7, Unemployed | 8, Stay at home caregiver | 9, Retired | 10, Other | 999, Prefer not to answer",,,,,,,y,,,,,
db_13_other,demographics_baseline,,text,"If other, please specify",,,,,,,[db_13(10)]=1,y,,,,,
db_14,demographics_baseline,,checkbox,"If you identify as having a partner or spouse, what type of employment does your partner have? (Please check all that apply)","1, Working full-time | 2, Working part-time | 3, On maternity leave | 4, On other form of temporary leave | 5, Looking for a job | 6, Student | 7, Unemployed | 8, Stay at home caregiver | 9, Retired | 10, Other | 999, Prefer not to answer | 0, I do not identify as being partnered",,,,,,,y,,,,,
db_14_other,demographics_baseline,,text,"If other, please specify",,,,,,,[db_14(10)]=1,y,,,,,
db_15,demographics_baseline,,checkbox,"Do you receive public assistance or other services through government or other local agencies? (check all that apply)","1, 	Subsidized housing (temporary or permanent) | 2, 	Financial assistance | 3, 	Employment assistance | 4, 	Transportation assistance | 5, 	Food assistance (SNAP, food stamps) | 6, 	WIC (Women Infants and Children) | 7, 	Public Health insurance | 8, 	Education or vocational training programs | 9, 	Personal supplies (i.e. clothing, toiletries) | 10, 	Baby supplies (pack-n-play, clothes, car seat) | 11, 	Temporary Assistance for Needy Families (TANF) | 12, 	None | 13, 	Other",,,,,,,y,,,,,
db_15_other,demographics_baseline,,text,"If other, please specify",,,,,,,"[db_15(13)] = '1'",y,,,,,
db_16,demographics_baseline,,checkbox,"How is your health care currently paid? (check all that apply]","1, Publicly funded (federal, state or local, including Medicaid) | 2, Commercial health insurance subsidized by the government | 3, Commercial health insurance/Commercial HMO provided by your employer | 4, Commercial health insurance purchased by you | 5, Military  insurance  (Veteran's  Administration  or active   duty) | 6, No insurance - Pay medical out of pocket | 7, Other",,,,,,,y,,,,,
db_16_other,demographics_baseline,,text,"If other, please specify",,,,,,,"[db_16(7)] = '1'",y,,,,,
db_17,demographics_baseline,,radio,"Have you received medical care (any kind) at an NYU Langone location?","1, NYU Langone is where I receive most of my medical care | 2, NYU Langone is where I receive some of my medical care | 3, NYU Langone is not a place I receive medical care | 4, I do not know",,,,,,,y,,,,,
db_18,demographics_baseline,,radio,"Overall, how satisfied are you with your financial situation? ","1, Very dissatisfied | 2, Sort of dissatisfied | 3, Mixed feelings | 4, Sort of satisfied | 5, Very satisfied",,,,,,,y,,,,,
db_19,demographics_baseline,,radio,"How often do you worry about financial matters?","1, 	Never | 2, 	Not Often | 3, 	Sometimes | 4, 	Often | 5, 	Very Often",,,,,,,y,,,,,
db_20,demographics_baseline,,yesno,"Do you generally know how much money you'll have to live on from one month to the next?",,,,,,,,y,,,,,
db_ladder_info,demographics_baseline,,descriptive,"<div class=""rich-text-field-label""><p>Think of this ladder as representing where people stand in the United States.</p> <p><span style=""font-weight: normal;"">At the top of the ladder are people who are the </span>best off<span style=""font-weight: normal;""> - those who have the most money, the most education, and the most respected jobs. At the bottom are the people who are the</span> worst off<span style=""font-weight: normal;"">- who have the least money, least education, and the least respected jobs or no jobs. The higher up you are on this ladder, the closer you are to the people at the very top; the lower you are closer you are to the people at the very bottom.</span></p></div>",,,,,,,,,,,,,
db_ladder,demographics_baseline,,dropdown,"On a scale from one to ten, where do you think you fall, relative to other people in the Untied States?","10, 10 - top | 9, 9 | 8, 8 | 7, 7 | 6, 6 | 5, 5 | 4, 4 | 3, 3 | 2, 2 | 1, 1 - bottom",,,,,,,y,,,,,
db_21,demographics_baseline,"III. Discrimination
These are some questions about discrimination that you may or may not experience in your day-to-day life. By discrimination, we mean being treated unfairly because of your race, ethnicity, income level, social class, sex, gender, age, sexual orientation, physical appearance, or religion. 
",radio,"In your day-to-day life, have you experienced discrimination?","0, Never | 1, Less than once a year | 2, A few times a year | 3, A few times a month | 4, Once a month | 5, At least once a week | 6, Almost every day | 999, I decline to answer",,,,,,,y,,,,,
db_22,demographics_baseline,,checkbox,"What do you think was the reason(s) for this/these experience(s)? Pick as many as apply","1, Your ancestry or national origin | 2, Your gender | 3, Your race | 4, Your age | 5, Your height | 6, Your weight | 7, Some other aspect of your physical appearance | 8, Your sexual orientation | 9, Income Level/Social Class | 10, Disability | 11, Pregnancy | 12, Religion | 13, Some other reason | 0, None apply to me | 999, I decline to answer",,,,,,,y,,,,,
db_22_other,demographics_baseline,,text,"Please specify other:",,,,,,,"[db_22(13)] = 1",y,,,,,
db_23,demographics_baseline,,radio,"Over your entire lifetime, how stressful have experiences of unfair treatment or discrimination usually been for you?","0, Not at all stressful | 1, A little stressful | 2, Somewhat stressful | 3, Extremely stressful | 999, I decline to answer",,,,,,,y,,,,,
db_progress_70_note,demographics_baseline,,descriptive,"Click ""Submit"" (below) to continue on your survey
Click ""Save and Return Later"" (below) to save up until this point and send yourself a link to return later to continue.",,,,,,,,,,,,,
db_progress_70,demographics_baseline,,descriptive,"<div style=""width:100%;border:0;margin:0;padding:0;background-color:#A9BAD1;text-align:center;""><div style=""width:70%;border: 0;margin:0;padding:0;background-color:#0b5394;""><span style=""color:white"">70% Complete</span></div></div>",,,,,,,,,,,,,
db_24,demographics_baseline,"IV. COVID Social and Emotional Impacts
There are some questions about the ways in which COVID has impacted your daily life. ",radio,"<div class=""rich-text-field-label""><p>How has the COVID-19 outbreak changed your <span style=""text-decoration: underline;"">stress levels or mental health?</span></p></div>","1, Worsened them significantly | 2, Worsened them moderately | 3, No change | 4, Improved them moderately | 5, Improved them significantly",,,,,,,y,,,,,
db_25,demographics_baseline,,radio,"<div class=""rich-text-field-label""><p>How has the COVID-19 outbreak changed your <span style=""text-decoration: underline;"">sleep</span>?</p></div>","1, Worsened my sleep significantly | 2, Worsened my sleep moderately | 3, No change | 4, Improved my sleep moderately | 5, Improved my sleep significantly",,,,,,,y,,,,,
db_26,demographics_baseline,,radio,"<div class=""rich-text-field-label""><p>How has the COVID-19 outbreak changed your <span style=""text-decoration: underline;"">daily energy levels</span>?</p></div>","1, Worsened my energy significantly | 2, Worsened my energy moderately | 3, No change | 4, Improved my energy moderately | 5, Improved my energy significantly",,,,,,,y,,,,,
db_27,demographics_baseline,,radio,"<div class=""rich-text-field-label""><p>How has the COVID-19 outbreak changed your <span style=""text-decoration: underline;"">social network support</span>?</p></div>","1, Worsened my social support significantly | 2, Worsened my social support moderately | 3, No change | 4, Improved my social support moderately | 5, Improved my social support significantly",,,,,,,y,,,,,
db_28,demographics_baseline,,radio,"<div class=""rich-text-field-label""><p>Regarding your partnership/marriage, how has the COVID-19 outbreak changed your <span style=""text-decoration: underline;"">relationship satisfaction</span>?</p></div>","1, Worsened my relationship satisfaction significantly | 2, Worsened my relationship satisfaction moderately | 3, No change | 4, Improved my relationship satisfaction moderately | 5, Improved my relationship satisfaction significantly",,,,,,"[db_5] = '2'",y,,,,,
db_29,demographics_baseline,,radio,"<div class=""rich-text-field-label""><p>Regarding your partnership/marriage, how has the COVID-19 outbreak changed your <span style=""text-decoration: underline;"">relationship commitment</span>?</p></div>","1, Worsened my relationship commitment significantly | 2, Worsened my relationship commitment moderately | 3, No change | 4, Improved my relationship commitment moderately | 5, Improved my relationship commitment significantly",,,,,,"[db_5] = '2'",y,,,,,
db_30,demographics_baseline,,radio,"<div class=""rich-text-field-label""><p>Regarding your partnership/marriage, how has the COVID-19 outbreak changed your <span style=""text-decoration: underline;"">relationship passion</span>?</p></div>","1, Worsened my relationship passion significantly | 2, Worsened my relationship passion moderately | 3, No change | 4, Improved my relationship passion moderately | 5, Improved my relationship passion significantly",,,,,,"[db_5] = '2'",y,,,,,
db_31,demographics_baseline,,radio,"Please rate your current stress level. ","1, 1 nothing | 2, 2 | 3, 3 | 4, 4 | 5, 5 | 6, 6 | 7, 7 extreme",,,,,,,y,LH,,,,
db_32,demographics_baseline,,checkbox,"What are you doing to cope with your stress related to the COVID-19 outbreak? (check all that apply)","1, Getting a good night's sleep | 2, Meditation and/or mindfulness practices | 3, Talking with friends and family | 4, Engaging in more family activities (e.g, games, sports) | 5, Talking to people who are pregnant or parenting | 6, Increased screen time (i.e gaming, binge watching shows) | 7, Increased time on social media (Facebook, instagram, and other) | 8, Decreased time on social media (Facebook, instagram, and other) | 11, Increased time following news coverage | 10, Decreased time following news coverage | 12, Eating healthier | 13, Increased self-care (e.g, taking baths, giving self a facial) | 14, Increased time reading books, or doing activities like puzzles and crosswords | 15, Exercising | 16, Drinking alcohol | 17, Using tobacco (i.e. smoking, vaping) | 18, Using marijuana (i.e. smoking, vaping, eating) | 19, Using CBD only | 20, Using other recreational drugs | 21, Using new prescription drugs | 22, Using over the counter sleep aids | 23, Talking to my health providers more frequently | 24, Talking with a mental health care provider (e.g. therapist, psychologist, counselor) | 25, Helping others | 26, None | 27, Other",,,,,,,y,,,,,
db_32_other,demographics_baseline,,text,"If other, please list:",,,,,,,[db_32(27)]=1,y,RH,,,,
db_33,demographics_baseline,,radio,"How long do you think it will be before things ""go back to normal""? ","1, < 1 month | 2, 2-3 months | 3, 3-6 months | 4, 6-12 months | 5, 12 months + | 6, Never",,,,,,,y,,,,,
db_blood_type_know,demographics_baseline,"V. Health
These are questions about health and lifestyle. All responses are confidential and only used for research purposes. ",radio,"Do you know your blood type?","1, I am certain about my blood type | 2, I think I know my blood type, but I am not sure | 3, I do not know my blood type",,,,,,,y,,,,,
db_blood_type,demographics_baseline,,text,"What is your blood type? (O, A, B, AB) (Add + or - if known)",,,,,,,"[db_blood_type_know] = '1' or [db_blood_type_know] = '2'",y,,,,,
db_36,demographics_baseline,,checkbox,"Do you have history of any of the following medical conditions? (check all that apply)","1, Respiratory problems (e.g., Asthma, Tuberculosis) | 2, Diabetes | 3, Heart disease or hypertension | 4, Lung disease | 5, Liver disease | 6, Cancer | 7, A disease compromising the immune system | 8, Mood and/or anxiety disorder | 9, None apply | 999, Other",,,,,,,y,,,,,
db_36_other,demographics_baseline,,text,"Describe other:",,,,,,,"[db_36(999)] = '1'",y,,,,,
db_tonsils,demographics_baseline,,radio,"Have you had your tonsils removed?","1, Yes | 0, No | 999, I do not know",,,,,,,y,,,,,
db_37,demographics_baseline,,checkbox,"At any time in your past have you received treatment for any of the following? (check all that apply)","1, Mental health | 2, Substance abuse (including problems with prescription drugs, illegal drugs or alcohol) | 999, I decline to answer | 4, I have had mental health concerns but have not been treated | 5, I have had substance abuse concerns but have not been treated | 6, None apply",,,,,,,y,,,,,
db_38,demographics_baseline,"During the past 7 fays, on how many days did you...",radio,"Meditate or use mindfulness strategies for more than 5 minutes?","0, 0 Days | 1, 1 Day | 2, 2 Days | 3, 3 Days | 4, 4 Days | 5, 5 Days | 6, 6 Days | 7, 7 Days | 999, Decline to answer",,,,,,,,,,db38_48,,
db_39,demographics_baseline,,radio,"Wake up feeling like you got a good night of sleep?","0, 0 Days | 1, 1 Day | 2, 2 Days | 3, 3 Days | 4, 4 Days | 5, 5 Days | 6, 6 Days | 7, 7 Days | 999, Decline to answer",,,,,,,,,,db38_48,,
db_40,demographics_baseline,,radio,"Talk to friends or family on the phone more than 30 minutes?","0, 0 Days | 1, 1 Day | 2, 2 Days | 3, 3 Days | 4, 4 Days | 5, 5 Days | 6, 6 Days | 7, 7 Days | 999, Decline to answer",,,,,,,,,,db38_48,,
db_41,demographics_baseline,,radio,"Engage in a religious service or practice?","0, 0 Days | 1, 1 Day | 2, 2 Days | 3, 3 Days | 4, 4 Days | 5, 5 Days | 6, 6 Days | 7, 7 Days | 999, Decline to answer",,,,,,,,,,db38_48,,
db_42,demographics_baseline,,radio,"Engage in physical activity for more than 30 minutes (such as walking, hiking, climbing stairs, yoga, running, weight lifting, push-ups, sit-ups)?","0, 0 Days | 1, 1 Day | 2, 2 Days | 3, 3 Days | 4, 4 Days | 5, 5 Days | 6, 6 Days | 7, 7 Days | 999, Decline to answer",,,,,,,,,,db38_48,,
db_43,demographics_baseline,,radio,"Drink one or more drinks of an alcoholic beverage?","0, 0 Days | 1, 1 Day | 2, 2 Days | 3, 3 Days | 4, 4 Days | 5, 5 Days | 6, 6 Days | 7, 7 Days | 999, Decline to answer",,,,,,,,,,db38_48,,
db_44,demographics_baseline,,radio,"Use marijuana or hashish?","0, 0 Days | 1, 1 Day | 2, 2 Days | 3, 3 Days | 4, 4 Days | 5, 5 Days | 6, 6 Days | 7, 7 Days | 999, Decline to answer",,,,,,,,,,db38_48,,
db_45,demographics_baseline,,radio,"Use recreational or illegal drugs (not including marijuana)?","0, 0 Days | 1, 1 Day | 2, 2 Days | 3, 3 Days | 4, 4 Days | 5, 5 Days | 6, 6 Days | 7, 7 Days | 999, Decline to answer",,,,,,,,,,db38_48,,
db_46,demographics_baseline,,radio,"Use nicotine products (including cigarettes, e-cigarettes, cigars, vaping, chew, dip or JUUL)?","0, 0 Days | 1, 1 Day | 2, 2 Days | 3, 3 Days | 4, 4 Days | 5, 5 Days | 6, 6 Days | 7, 7 Days | 999, Decline to answer",,,,,,,,,,db38_48,,
db_47,demographics_baseline,,radio,"Watch TV/movies on any kind of screen for more than 3 hours (including TV and game shows, movies, sale channels like QVC, YouTube videos, documentaries)?","0, 0 Days | 1, 1 Day | 2, 2 Days | 3, 3 Days | 4, 4 Days | 5, 5 Days | 6, 6 Days | 7, 7 Days | 999, Decline to answer",,,,,,,,,,db38_48,,
db_48,demographics_baseline,,radio,"Use social media (such as Instagram, Facebook, Twitter, Snapchat, Pinterest, Viber, YouTube, LinkedIn, Tumblr, QZone)?","0, 0 Days | 1, 1 Day | 2, 2 Days | 3, 3 Days | 4, 4 Days | 5, 5 Days | 6, 6 Days | 7, 7 Days | 999, Decline to answer",,,,,,,,,,db38_48,,
db_progress_90_note,demographics_baseline,,descriptive,"Click ""Submit"" (below) to continue on your survey
Click ""Save and Return Later"" (below) to save up until this point and send yourself a link to return later to continue.",,,,,,,,,,,,,
db_progress_90,demographics_baseline,,descriptive,"<div style=""width:100%;border:0;margin:0;padding:0;background-color:#A9BAD1;text-align:center;""><div style=""width:90%;border: 0;margin:0;padding:0;background-color:#0b5394;""><span style=""color:white"">90% Complete</span></div></div>",,,,,,,,,,,,,
db_49,demographics_baseline,"VI. Closing
Thank you! Here are a couple of closing questions to help the research team with future studies. ",yesno,"Do you personally know children ages 0-5 that were infected with COVID?",,,,,,,,y,,,,,
db_50,demographics_baseline,,yesno,"Do you personally know children ages 6-10 that were infected with covid?",,,,,,,,y,,,,,
db_51,demographics_baseline,,yesno,"Do you personally know women that were infected with COVID during pregnancy?",,,,,,,,y,,,,,
db_52,demographics_baseline,,text,"What is your current age?",,,number,,,y,,y,,,,,
db_53,demographics_baseline,,radio,"How interested are you in participating in future (paid) COVID studies?","0, Not interested | 1, Somewhat interested | 2, Very interested",,,,,,,y,,,,,
