"Variable / Field Name","Form Name","Section Header","Field Type","Field Label","Choices, Calculations, OR Slider Labels","Field Note","Text Validation Type OR Show Slider Number","Text Validation Min","Text Validation Max",Identifier?,"Branching Logic (Show field only if...)","Required Field?","Custom Alignment","Question Number (surveys only)","Matrix Group Name","Matrix Ranking?","Field Annotation"
ncipr_date,novel_coronavirus_covid_illness_patient_report_nci,,text,"Today's Date",,,date_mdy,,,,,y,,,,,
ncipr_gender,novel_coronavirus_covid_illness_patient_report_nci,,checkbox,"What is your gender? (mark all that apply)","1, Male | 2, Female | 3, Option to self-describe | 999, Prefer not to answer",,,,,y,,y,,,,,
ncipr_gender_selfdescribe,novel_coronavirus_covid_illness_patient_report_nci,,text,"Option to self-describe:",,,,,,y,"[ncipr_gender(3)] = '1'",y,,,,,
ncipr_infected_covid,novel_coronavirus_covid_illness_patient_report_nci,,radio,"Do you believe that you have been personally infected with COVID? This includes presumed positive regardless of whether you had testing done","1, Yes | 0, No",,,,,,,y,,,,,
ncipr_infected_caught_covid,novel_coronavirus_covid_illness_patient_report_nci,,radio,"How do you think you caught COVID?","1, Person-to-person contact (droplets from cough, sneeze or breath) | 2, Contaminated foods or surfaces | 3, Both, person-to-person contact and contaminated objects | 999, Unsure",,,,,,"[ncipr_infected_covid] = '1'",y,,,,,
ncipr_infected_inperson_covid,novel_coronavirus_covid_illness_patient_report_nci,,radio,"What led to person-to-person contact?","1, Infected individual in home | 2, Spending time in public spaces | 3, While fulfilling my job duties | 4, While receiving medical care | 5, While helping or supporting others with illness",,,,,,"[ncipr_infected_caught_covid] = '1' or [ncipr_infected_caught_covid] = '3'",y,,,,,
ncipr_current_covid_status,novel_coronavirus_covid_illness_patient_report_nci,,yesno,"Are you currently COVID positive?",,,,,,,,y,,,,,
ncipr_test_any,novel_coronavirus_covid_illness_patient_report_nci,"I. COVID Testing",radio,"Have you been tested for COVID (antibodies or active illness)?","1, Yes | 0, No | 999, Unsure",,,,,,"[ncipr_infected_covid] = '1'",,,,,,
ncipr_test_pos_pcr,novel_coronavirus_covid_illness_patient_report_nci,,radio,"Have you had a positive COVID PCR test <u>(throat or nose swab)</u>?","1, Yes | 0, No",,,,,,"[ncipr_test_any] = '1'",y,,,,,
ncipr_test_frequency_pcr,novel_coronavirus_covid_illness_patient_report_nci,,dropdown,"Number of times you have had a positive COVID PCR test","0, 0 | 1, 1 | 2, 2 | 3, 3 | 4, 4 | 5, 5 | 6, More than 5",,,,,,"[ncipr_test_pos_pcr] = '1'",y,,,,,
ncipr_test_pcr_date1,novel_coronavirus_covid_illness_patient_report_nci,,dropdown,"When did you receive your first test?","1, February 2020 | 2, March 2020 | 3, April 2020 | 4, May 2020 | 5, June 2020 | 6, July 2020 | 7, August 2020 | 8, September 2020 | 9, October 2020 | 10, November 2020 | 11, December 2020 | 12, January 2021 | 13, February 2021 | 14, March 2021 | 15, April 2021 | 16, May 2021 | 0, None of these",,,,,,"[ncipr_test_frequency_pcr] = '1' or [ncipr_test_frequency_pcr] = '2' or [ncipr_test_frequency_pcr] = '3' or [ncipr_test_frequency_pcr] = '4' or [ncipr_test_frequency_pcr] = '5' or [ncipr_test_frequency_pcr] = '6'",y,,,,,
ncipr_test_pcr_locat1,novel_coronavirus_covid_illness_patient_report_nci,,radio,"Where did you receive your throat/nose swab COVID test?","1, Urgent care | 2, Drive-through testing site | 3, Pharmacy | 4, Outpatient office | 5, Hospital or Emergency Department | 6, Other",,,,,,"[ncipr_test_frequency_pcr] = '1' or [ncipr_test_frequency_pcr] = '2' or [ncipr_test_frequency_pcr] = '3' or [ncipr_test_frequency_pcr] = '4' or [ncipr_test_frequency_pcr] = '5' or [ncipr_test_frequency_pcr] = '6'",y,,,,,
ncipr_test_pcrlocat_other1,novel_coronavirus_covid_illness_patient_report_nci,,text,Other:,,,,,,,[ncipr_test_pcr_locat1]=6,y,,,,,
ncipr_test_pcr_symp1,novel_coronavirus_covid_illness_patient_report_nci,,radio,"Did you have symptoms when you received your throat/nose swab?","1, Yes | 0, No",,,,,,"[ncipr_test_frequency_pcr] = '1' or [ncipr_test_frequency_pcr] = '2' or [ncipr_test_frequency_pcr] = '3' or [ncipr_test_frequency_pcr] = '4' or [ncipr_test_frequency_pcr] = '5' or [ncipr_test_frequency_pcr] = '6'",y,,,,,
ncipr_test_pcr_date2,novel_coronavirus_covid_illness_patient_report_nci,,dropdown,"When did you receive your second test?","1, February 2020 | 2, March 2020 | 3, April 2020 | 4, May 2020 | 5, June 2020 | 6, July 2020 | 7, August 2020 | 8, September 2020 | 9, October 2020 | 10, November 2020 | 11, December 2020 | 12, January 2021 | 13, February 2021 | 14, March 2021 | 15, April 2021 | 16, May 2021 | 0, None of these",,,,,,"[ncipr_test_frequency_pcr] = '2' or [ncipr_test_frequency_pcr] = '3' or [ncipr_test_frequency_pcr] = '4' or [ncipr_test_frequency_pcr] = '5' or [ncipr_test_frequency_pcr] = '6'",y,,,,,
ncipr_test_pcr_locat2,novel_coronavirus_covid_illness_patient_report_nci,,radio,"Where did you receive your throat/nose swab COVID test?","1, Urgent care | 2, Drive-through testing site | 3, Pharmacy | 4, Outpatient office | 5, Hospital or Emergency Department | 6, Other",,,,,,"[ncipr_test_frequency_pcr] = '2' or [ncipr_test_frequency_pcr] = '3' or [ncipr_test_frequency_pcr] = '4' or [ncipr_test_frequency_pcr] = '5' or [ncipr_test_frequency_pcr] = '6'",y,,,,,
ncipr_test_pcrlocat_other2,novel_coronavirus_covid_illness_patient_report_nci,,text,Other:,,,,,,,[ncipr_test_pcr_locat2]=6,y,,,,,
ncipr_test_pcr_symp2,novel_coronavirus_covid_illness_patient_report_nci,,radio,"Did you have symptoms when you received your throat/nose swab?","1, Yes | 0, No",,,,,,"[ncipr_test_frequency_pcr] = '2' or [ncipr_test_frequency_pcr] = '3' or [ncipr_test_frequency_pcr] = '4' or [ncipr_test_frequency_pcr] = '5' or [ncipr_test_frequency_pcr] = '6'",y,,,,,
ncipr_test_pcr_date3,novel_coronavirus_covid_illness_patient_report_nci,,dropdown,"When did you receive your third test?","1, February 2020 | 2, March 2020 | 3, April 2020 | 4, May 2020 | 5, June 2020 | 6, July 2020 | 7, August 2020 | 8, September 2020 | 9, October 2020 | 10, November 2020 | 11, December 2020 | 12, January 2021 | 13, February 2021 | 14, March 2021 | 15, April 2021 | 16, May 2021 | 0, None of these",,,,,,"[ncipr_test_frequency_pcr] = '3' or [ncipr_test_frequency_pcr] = '4' or [ncipr_test_frequency_pcr] = '5' or [ncipr_test_frequency_pcr] = '6'",y,,,,,
ncipr_test_pcr_locat3,novel_coronavirus_covid_illness_patient_report_nci,,radio,"Where did you receive your throat/nose swab COVID test?","1, Urgent care | 2, Drive-through testing site | 3, Pharmacy | 4, Outpatient office | 5, Hospital or Emergency Department | 6, Other",,,,,,"[ncipr_test_frequency_pcr] = '3' or [ncipr_test_frequency_pcr] = '4' or [ncipr_test_frequency_pcr] = '5' or [ncipr_test_frequency_pcr] = '6'",y,,,,,
ncipr_test_pcrlocat_other3,novel_coronavirus_covid_illness_patient_report_nci,,text,Other:,,,,,,,[ncipr_test_pcr_locat3]=6,y,,,,,
ncipr_test_pcr_symp3,novel_coronavirus_covid_illness_patient_report_nci,,radio,"Did you have symptoms when you received your throat/nose swab?","1, Yes | 0, No",,,,,,"[ncipr_test_frequency_pcr] = '3' or [ncipr_test_frequency_pcr] = '4' or [ncipr_test_frequency_pcr] = '5' or [ncipr_test_frequency_pcr] = '6'",y,,,,,
ncipr_test_antib,novel_coronavirus_covid_illness_patient_report_nci,,radio," Have you had a blood test for COVID antibodies?","1, Yes | 0, No",,,,,,"[ncipr_test_any] = '1'",y,,,,,
ncipr_test_antib_pos,novel_coronavirus_covid_illness_patient_report_nci,,radio,"Have you tested positive for COVID antibodies?","1, Yes, I have tested positive for antibodies (at least once) | 0, No, I completed a blood test, but I was negative for antibodies",,,,,,"[ncipr_test_antib] = '1'",y,,,,,
ncipr_test_antib_date,novel_coronavirus_covid_illness_patient_report_nci,,text," Date of most recent test",,,date_mdy,,,,"[ncipr_test_antib] = '1'",y,,,,,
ncipr_test_antib_locat,novel_coronavirus_covid_illness_patient_report_nci,,radio,"Where did you receive your blood antibody COVID test(s)?","1, Urgent care | 2, Drive-through testing site | 3, Pharmacy | 4, Outpatient office | 5, Hospital or Emergency Department | 6, Other",,,,,,"[ncipr_test_antib] = '1'",y,,,,,
ncipr_test_antibiocat_other,novel_coronavirus_covid_illness_patient_report_nci,,text,Other:,,,,,,,"[ncipr_test_antib_locat] = '6'",y,,,,,
ncipr_test_antib_symp,novel_coronavirus_covid_illness_patient_report_nci,,radio,"Did you have symptoms when you were tested for antibodies?","1, Yes | 0, No",,,,,,"[ncipr_test_antib] = '1'",y,,,,,
ncipr_test_reason,novel_coronavirus_covid_illness_patient_report_nci,,radio,"Why were you tested?","1, Pre-existing health condition (self, including pregnacy) | 2, Susceptible family member at home | 3, I had symptoms | 4, Reasons related to my job | 5, Curiosity | 6, Other",,,,,,"[ncipr_test_any] = '1'",y,,,,,
ncipr_test_reason_other,novel_coronavirus_covid_illness_patient_report_nci,,text,Other,,,,,,,"[ncipr_test_reason] = '6'",y,,,,,
ncipr_test_reason_health,novel_coronavirus_covid_illness_patient_report_nci,,checkbox,"Which pre-existing health conditions apply to you?","1, pregnancy | 2, immune system health concerns | 3, respiratory health concerns (e.g., asthma, COPD) | 4, cardiac health concerns | 5, cancer | 6, sickle cell disease | 7, diabetes | 8, high blood pressure | 9, cystic fibrosis | 0, none of these",,,,,,"[ncipr_test_reason] = '1'",y,,,,,
ncipr_test_job_mandatory,novel_coronavirus_covid_illness_patient_report_nci,,radio,"Did your employer make testing <u>mandatory</u>?","1, Yes | 0, No | 999, Unsure",,,,,,"[ncipr_test_reason] = '4'",y,,,,,
ncipr_test_job_reason,novel_coronavirus_covid_illness_patient_report_nci,,radio,"Why was it helpful for your job to be tested?","1, Healthcare worker | 2, First responder | 3, Essential worker | 4, Work with susceptible populations | 5, Other",,,,,,"[ncipr_test_reason] = '4'",y,,,,,
ncipr_testjobreason_other,novel_coronavirus_covid_illness_patient_report_nci,,text,"Please specify other:",,,,,,,"[ncipr_test_job_reason] = '5'",y,,,,,
ncipr_repeat_illness,novel_coronavirus_covid_illness_patient_report_nci,"II. COVID Timing, Symptoms and Complications",yesno,"Were you ill with COVID symptoms more than once?",,,,,,,"[ncipr_infected_covid] = '1'",y,,,,,
ncipr_pregnant_any,novel_coronavirus_covid_illness_patient_report_nci,,yesno,"Did you have COVID while you were pregnant?",,,,,,,"[ncipr_infected_covid] = '1' and [ncipr_gender(2)] = '1'",y,,,,,
ncipr_pregnant_trimester,novel_coronavirus_covid_illness_patient_report_nci,,radio,"Which trimester were you in?","1, First | 2, Second | 3, Third",,,,,,"[ncipr_pregnant_any] = '1'",y,,,,,
ncipr_repeat_illness_yes,novel_coronavirus_covid_illness_patient_report_nci,,descriptive,"For remaining questions, refer to experiences during your most significant illness experience.",,,,,,,"[ncipr_infected_covid] = '1'",,,,,,
ncipr_onset_date,novel_coronavirus_covid_illness_patient_report_nci,,dropdown,"When did you first become ill with COVID?","1, February 2020 | 2, March 2020 | 3, April 2020 | 4, May 2020 | 5, June 2020 | 6, July 2020 | 7, August 2020 | 8, September 2020 | 9, October 2020 | 10, November 2020 | 11, December 2020 | 12, January 2021 | 13, February 2021 | 14, March 2021 | 15, April 2021 | 16, May 2021 | 0, None of these",,,,,,"[ncipr_infected_covid] = '1'",y,,,,,
ncipr_illness_length,novel_coronavirus_covid_illness_patient_report_nci,,text,"How long were you ill with COVID-19 (in days)",,,number,,,,"[ncipr_infected_covid] = '1'",,,,,,
ncipr_symptoms_all,novel_coronavirus_covid_illness_patient_report_nci,,checkbox,"What symptoms did you experience while you were ill with COVID? (check all)","1, Fever (>100.4 F/38 C) | 2, Chills or Shaking | 3, Cough | 4, Shortness of Breath/Difficulty Breathing | 5, Wheezing | 6, Chest Pressure/Chest Pain | 7, Sore Throat | 8, Runny Nose/Sinus Congestion | 9, Sneezing | 10, Diarrhea (>=3 loose/looser than normal stools/24 hr. period) | 11, Muscle Pain/Body Aches | 12, Headache | 13, Partial Loss of Smell (Partial Anosmia) | 14, Complete Loss of Smell (Anosmia) | 15, Partial Loss of Taste (Partial Ageusia) | 16, Complete Loss of Taste (Ageusia) | 17, Nausea or Vomiting | 18, Bluish Lips/Face | 19, Confusion or Inability to Arouse | 20, Unusual Fatigue/Lethargy | 21, Eye Redness with or without Discharge | 22, Ear pain | 23, Skin rash or Skin ulcers | 24, Other | 0, None of these apply",,,,,,"[ncipr_infected_covid] = '1'",y,,,,,
ncipr_fever_level,novel_coronavirus_covid_illness_patient_report_nci,,yesno,"Was your fever ever greater than  103.0 F/39.4 C?",,,,,,,[ncipr_symptoms_all(1)]=1,y,,,,,
ncipr_symptoms_all_01_days2,novel_coronavirus_covid_illness_patient_report_nci,,dropdown,"How long did you experience Fever?","1, Less than 24 hours | 2, 24- 48 hours | 3, 48-72 hours | 4, More than 72 hours",,,,,,[ncipr_symptoms_all(1)]=1,y,,,,,
ncipr_symptoms_all_other_d,novel_coronavirus_covid_illness_patient_report_nci,,text,"Please specify other:",,,,,,,"[ncipr_symptoms_all(24)] = '1'",y,,,,,
ncipr_cough_type,novel_coronavirus_covid_illness_patient_report_nci,,radio,"Please describe your type of cough","1, dry | 2, wet | 3, other",,,,,,"[ncipr_symptoms_all(3)] = '1'",y,,,,,
ncipr_cough_type_other,novel_coronavirus_covid_illness_patient_report_nci,,text,"Specify other cough:",,,,,,,"[ncipr_cough_type] = '3'",y,,,,,
ncipr_symptoms_med_complicat,novel_coronavirus_covid_illness_patient_report_nci,,checkbox,"Which medical complications did you experience?","1, Pneumonia (Bacterial or Viral) | 2, Inadequate Oxygen or Hypoxia | 3, Water in the Lungs (Pleural effusion) | 4, Collapsed Lung (Pneumothorax) | 5, Acute Respiratory Distress Syndrome | 6, Sepsis (serious infection that causes your immune system to attack your body) | 7, Heart Inflammation (Endocarditis, Myocarditis, Pericarditis) | 8, Cardiac Problems (Cardiomyopathy, Cardiac ischemia/arrhythmia, heart failure) | 9, Kidney Injury or Failure | 10, Liver Dysfunction | 11, Bleeding in digestive tract (Gastrointestinal Hemorrhage) | 12, Hyperglycemia/ Hypoglycemia (Abnormal Blood Sugar) | 13, Stroke / Cerebrovascular accident | 14, Seizure | 15, Inflammation or infection of the brain or meninges (Meningitis / Encephalitis) | 16, Anemia (Lack of red blood cells or hemoglobin) | 0, None of these",,,,,,"[ncipr_infected_covid] = '1'",y,,,,,
ncipr_max_temp,novel_coronavirus_covid_illness_patient_report_nci,,text,"Maximum temperature recorded (Please be sure to indicate temperature scale i.e. F or C):",,"Indicate F or C",,,,,"[ncipr_infected_covid] = '1'",y,,,,,
ncipr_min_osat,novel_coronavirus_covid_illness_patient_report_nci,,text,"Lowest oxygen saturation recorded (if you don't know, please enter ""N/A"")",,,,,,,"[ncipr_infected_covid] = '1'",y,,,,,
ncipr_symptom_worst,novel_coronavirus_covid_illness_patient_report_nci,,radio,"What was the most concerning COVID symptom or medical complication that you experienced?","1, Fever | 2, Chills or Shaking | 3, Cough | 4, Difficulty Breathing/Chest Pressure | 5, Loss of Taste or Smell | 6, Sore Throat | 7, Runny Nose/Sinus Congestion | 8, Diarrhea | 9, Muscle Pain/Body Aches | 10, Headache | 11, Fatigue | 12, Nausea/Vomiting | 13, Seizure or Loss of Consciousness | 0, No symptoms experienced | 15, Other, Specify",,,,,,"[ncipr_infected_covid] = '1'",y,,,,,
ncipr_symptom_worst_other,novel_coronavirus_covid_illness_patient_report_nci,,text,"Please specify other:",,,,,,,"[ncipr_symptom_worst] = '15'",y,,,,,
ncipr_symptoms_events,novel_coronavirus_covid_illness_patient_report_nci,,checkbox,"Did you experience the following? (check all)","1, Stayed in bed all day | 2, Confined myself to a room away from my family and housemates | 3, Stopped eating | 4, Sleep disruption | 5, Extreme loss of energy | 6, Very anxious that I would not recover from COVID illness | 7, Other | 0, None of these apply",,,,,,"[ncipr_infected_covid] = '1'",y,,,,,
ncipr_symptom_event_other,novel_coronavirus_covid_illness_patient_report_nci,,text,"Please specify other:",,,,,,,"[ncipr_symptoms_events(7)] = '1'",y,,,,,
ncipr_how_severe_self,novel_coronavirus_covid_illness_patient_report_nci,,radio,"How severe was your COVID illness?","1, Very mild | 2, Mild to moderate | 3, Moderate to severe | 4, Severe to Extreme | 5, Life-threatening | 999, Unsure",,,,,,"[ncipr_infected_covid] = '1'",y,,,,,
ncipr_onset_symptoms,novel_coronavirus_covid_illness_patient_report_nci,"III. COVID - Becoming Ill",checkbox,"What symptoms led you to seek medical attention? (check all)","1, Fever | 2, Chills or Shaking | 3, Cough | 4, Difficulty Breathing | 5, Chest Pressure | 6, Loss of Taste or Smell | 7, Sore Throat | 8, Runny Nose/Sinus Congestion | 9, Diarrhea | 10, Muscle Pain/Body Aches | 11, Headache | 12, Fatigue | 13, Nausea/Vomiting | 14, Seizure or Loss of Consciousness | 15, I Received Care Before Noticing Symptoms | 16, Other, Specify | 0, None of these apply",,,,,,"[ncipr_infected_covid] = '1'",y,,,,,
ncipr_onset_symptoms_other,novel_coronavirus_covid_illness_patient_report_nci,,text,"Please specify other:",,,,,,,[ncipr_onset_symptoms(16)]=1,y,,,,,
ncipr_onset_provider,novel_coronavirus_covid_illness_patient_report_nci,,radio,"When you realized you were sick, where did you initially go for medical assistance?","1, Contacted medical provider by phone | 2, Contacted medical provider over the internet | 3, Was seen at a non-urgent medical office | 4, An urgent care facility | 5, A rapid testing location or drive-through | 6, A hospital Emergency Room (ER) | 7, Other | 0, I did not seek help from a professional care provider about my COVID illness",,,,,,"[ncipr_infected_covid] = '1'",y,,,,,
ncipr_onset_provider_other,novel_coronavirus_covid_illness_patient_report_nci,,text,"Please specify Other:",,,,,,,"[ncipr_onset_provider] = '7'",y,,,,,
ncipr_onset_call_911,novel_coronavirus_covid_illness_patient_report_nci,,radio,"Did you ever call 911 with concerns about your COVID illness?","1, Yes | 0, No",,,,,,"[ncipr_infected_covid] = '1'",y,,,,,
ncipr_calls_911,novel_coronavirus_covid_illness_patient_report_nci,,radio,"How many times?","1, one time | 2, more than one time",,,,,,"[ncipr_onset_call_911] = '1'",y,,,,,
ncipr_employ,novel_coronavirus_covid_illness_patient_report_nci,"IV. COVID - Work Impacts",radio,"What was your employment status at the time that you developed COVID illness?","1, Employed part-time | 2, Employed full-time | 3, On leave | 4, Unemployed | 5, None apply",,,,,,"[ncipr_infected_covid] = '1'",y,,,,,
ncipr_employ_time_off,novel_coronavirus_covid_illness_patient_report_nci,,radio,"Did you take time off of work as a result of your COVID illness?","1, Yes | 0, No",,,,,,"[ncipr_employ] = '1' or [ncipr_employ] = '2' or [ncipr_employ] = '3'",y,,,,,
ncipr_employ_time_off_days,novel_coronavirus_covid_illness_patient_report_nci,,text,"How many days taken off work?",,,number,,,,"[ncipr_employ_time_off] = '1'",y,,,,,
ncipr_employ_income_loss,novel_coronavirus_covid_illness_patient_report_nci,,radio,"Did you lose income when you were not able to work?","1, Yes | 0, No | 999, Unsure",,,,,,"[ncipr_employ_time_off] = '1'",y,,,,,
ncipr_treat_home,novel_coronavirus_covid_illness_patient_report_nci,"IV. COVID Treatments",checkbox,"Which of the following at home treatments did you use? (check all)","1, Rest | 2, Fluids/Hydration | 3, Acetaminophen | 4, Ibuprofen | 5, Cold and Flu medicine | 6, Sleep aids | 7, Other | 0, None of these apply",,,,,,"[ncipr_infected_covid] = '1'",y,,,,,
ncipr_treat_home_other,novel_coronavirus_covid_illness_patient_report_nci,,text,"Please specify other:",,,,,,,"[ncipr_treat_home(7)] = '1'",y,,,,,
ncipr_treat_hospital,novel_coronavirus_covid_illness_patient_report_nci,,radio,"Were you admitted to the hospital as a result of your COVID illness?","1, Yes | 0, No",,,,,,"[ncipr_infected_covid] = '1'",y,,,,,
ncipr_treat_hospital_days,novel_coronavirus_covid_illness_patient_report_nci,,text,"How long were you hospitalized (days)?",,,number,,,,"[ncipr_treat_hospital] = '1'",y,,,,,
ncipr_treat_med_therapy,novel_coronavirus_covid_illness_patient_report_nci,,checkbox,"Which medical treatments did you receive? (check all)","1, Transfer into a prone position (lying face down on your stomach) for extended periods of time | 2, Admission to ICU or High Dependency Unit | 3, Oxygen Therapy | 4, Non-invasive Ventilation (such as continuous positive airway pressure/CPAP/BiPAP) | 5, Invasive ventilation (Tracheostomy, Intubation) | 6, Prolonged cardiac and respiratory support (Extracorporeal support) | 7, IV fluids | 8, Convalescent plasma (blood plasma taken from people who have recovered from COVID-19 and may have antibodies) | 9, Renal replacement therapy (RRT) or dialysis? | 10, Chest X-ray | 11, Other kind of imaging such as Ultrasound, MRI, CT-Scan | 12, Other | 0, None of these apply",,,,,,"[ncipr_treat_hospital] = '1'",y,,,,,
ncipr_treat_med_therapy_01,novel_coronavirus_covid_illness_patient_report_nci,,radio,"For how many days: Transfer into a prone position (lying face down on your stomach) for extended periods of time","1, 1 | 2, 2 | 3, 3 | 4, 4 | 5, 5 or more | 999, Unsure",,,,,,"[ncipr_treat_med_therapy(1)] = '1'",y,,,,,
ncipr_treat_med_therapy_02,novel_coronavirus_covid_illness_patient_report_nci,,radio,"For how many days: Admission to ICU or High Dependency Unit","1, 1 | 2, 2 | 3, 3 | 4, 4 | 5, 5 or more | 999, Unsure",,,,,,"[ncipr_treat_med_therapy(2)] = '1'",y,,,,,
ncipr_treat_med_therapy_03,novel_coronavirus_covid_illness_patient_report_nci,,radio,"For how many days: Oxygen Therapy","1, 1 | 2, 2 | 3, 3 | 4, 4 | 5, 5 or more | 999, Unsure",,,,,,"[ncipr_treat_med_therapy(3)] = '1'",y,,,,,
ncipr_treat_med_therapy_04,novel_coronavirus_covid_illness_patient_report_nci,,radio,"For how many days: Non-invasive Ventilation (such as continuous positive airway pressure/CPAP/BiPAP)","1, 1 | 2, 2 | 3, 3 | 4, 4 | 5, 5 or more | 999, Unsure",,,,,,"[ncipr_treat_med_therapy(4)] = '1'",y,,,,,
ncipr_treat_med_therapy_05,novel_coronavirus_covid_illness_patient_report_nci,,radio,"For how many days: Invasive ventilation (Tracheostomy, Intubation)","1, 1 | 2, 2 | 3, 3 | 4, 4 | 5, 5 or more | 999, Unsure",,,,,,"[ncipr_treat_med_therapy(5)] = '1'",y,,,,,
ncipr_treat_med_therapy_06,novel_coronavirus_covid_illness_patient_report_nci,,radio,"For how many days: Prolonged cardiac and respiratory support (Extracorporeal support)","1, 1 | 2, 2 | 3, 3 | 4, 4 | 5, 5 or more | 999, Unsure",,,,,,"[ncipr_treat_med_therapy(6)] = '1'",y,,,,,
ncipr_treat_med_therapy_07,novel_coronavirus_covid_illness_patient_report_nci,,radio,"For how many days: IV fluids","1, 1 | 2, 2 | 3, 3 | 4, 4 | 5, 5 or more | 999, Unsure",,,,,,"[ncipr_treat_med_therapy(7)] = '1'",y,,,,,
ncipr_treat_med_therapy_08,novel_coronavirus_covid_illness_patient_report_nci,,radio,"How many times: Convalescent plasma (blood plasma taken from people who have recovered from COVID-19 and may have antibodies)","1, 1 | 2, 2 | 3, 3 | 4, 4 | 5, 5 or more | 999, Unsure",,,,,,"[ncipr_treat_med_therapy(8)] = '1'",y,,,,,
ncipr_treat_med_therapy_09,novel_coronavirus_covid_illness_patient_report_nci,,radio,"How many times: Renal replacement therapy (RRT) or dialysis?","1, 1 | 2, 2 | 3, 3 | 4, 4 | 5, 5 or more | 999, Unsure",,,,,,"[ncipr_treat_med_therapy(9)] = '1'",y,,,,,
ncipr_treat_med_therapy_10,novel_coronavirus_covid_illness_patient_report_nci,,radio,"How many times: Chest X-ray","1, 1 | 2, 2 | 3, 3 | 4, 4 | 5, 5 or more | 999, Unsure",,,,,,"[ncipr_treat_med_therapy(10)] = '1'",y,,,,,
ncipr_treat_med_therapy_11,novel_coronavirus_covid_illness_patient_report_nci,,radio,"How many times: Other kind of imaging such as Ultrasound, MRI, CT-Scan","1, 1 | 2, 2 | 3, 3 | 4, 4 | 5, 5 or more | 999, Unsure",,,,,,"[ncipr_treat_med_therapy(11)] = '1'",y,,,,,
ncipr_treat_med_therapy_other,novel_coronavirus_covid_illness_patient_report_nci,,text,"Please specify other:",,,,,,,"[ncipr_treat_med_therapy(12)] = '1'",y,,,,,
ncipr_treat_med_therapy_other_times,novel_coronavirus_covid_illness_patient_report_nci,,radio,"How many times: Other","1, 1 | 2, 2 | 3, 3 | 4, 4 | 5, 5 or more | 999, Unsure",,,,,,"[ncipr_treat_med_therapy(12)] = '1'",y,,,,,
ncipr_treat_med_therapy_10_infil,novel_coronavirus_covid_illness_patient_report_nci,,radio,"Were infiltrates present? (Chest X-Ray)","1, Yes | 0, No | 999, Unsure",,,,,,"[ncipr_treat_med_therapy(10)] = '1'",y,,,,,
ncipr_treat_prescriptions,novel_coronavirus_covid_illness_patient_report_nci,,checkbox,"Which medications have you been prescribed to treat your COVID-related illness? (check all) ","1, Hydroxychloroquine (Plaquenil) | 2, Antibiotic (such as Azithromycin) | 3, Remdesivir or other anti-viral | 4, Immunosuppressive medication (such as Tocilizumab, Azathioprine) | 5, Anti-inflammatory corticosteroid (such as Dexamethesone, Prednisone, Hydrocortisone, Interferon beta-1a) | 6, Cardiovascular drug (such as Inotropes/vasopressors) | 7, Antifungal | 8, Other | 0, None of these apply",,,,,,"[ncipr_infected_covid] = '1'",y,,,,,
ncipr_treat_prescriptions_other_3,novel_coronavirus_covid_illness_patient_report_nci,,text,"Please specify other:",,,,,,,[ncipr_treat_prescriptions(8)]='1',y,,,,,
ncipr_progress_note_30,novel_coronavirus_covid_illness_patient_report_nci,,descriptive,"Click ""Submit"" (below) to continue on your survey
Click ""Save and Return Later"" (below) to save up until this point and send yourself a link to return later to continue",,,,,,,,,,,,,
ncipr_progress_30,novel_coronavirus_covid_illness_patient_report_nci,,descriptive,"<div style=""width:100%;border:0;margin:0;padding:0;background-color:#A9BAD1;text-align:center;""><div style=""width:30%;border: 0;margin:0;padding:0;background-color:#0b5394;""><span style=""color:white"">30% Complete</span></div></div>",,,,,,,,,,,,,
ncipr_lasting_changes,novel_coronavirus_covid_illness_patient_report_nci,"V. COVID Lasting Effects",checkbox,"Some people report lasting changes in their general health after they have fully recovered from COVID sickness. Did you experience any of the following general health changes as a possible result of your experience of having had COVID? (check all) ","1, Change in appetite | 2, Trouble swallowing | 3, Change in way food tastes | 4, Unexpected weight change | 5, Wheezing or shortness of breath | 6, Sinus pressure | 7, Dental problems | 8, Ear pain | 9, Hearing loss | 10, Tinnitus (ringing in ears) | 11, Voice change | 12, Change in way things smell | 13, Fatigue | 14, Eye discharge, itching or redness | 15, Light sensitivity or eye pain | 16, Change in vision | 17, Chest pain | 18, Leg swelling | 19, Heart palpitations or heart rate acceleration/deceleration | 20, Musculoskeletal symptoms (new pains or trouble walking) | 21, Abdominal pain | 22, Digestive problems | 23, Hair loss | 24, Skin irritation, rashes, itchiness | 25, Excessive thirst or excessive urination | 26, Mood symptoms (nervous, anxious, depressed mood, irritation) | 27, Sleep disturbance | 28, Lightheadedness or confusion | 29, Other | 0, None of these",,,,,,"[ncipr_infected_covid] = '1'",y,,,,,
ncipr_lasting_changes_other,novel_coronavirus_covid_illness_patient_report_nci,,text,"Please specify other:",,,,,,,[ncipr_lasting_changes(29)]=1,y,,,,,
ncipr_lasting_current,novel_coronavirus_covid_illness_patient_report_nci,,radio,"Have those lasting symptoms or complications resolved, or are they still ongoing?","1, Resolved | 2, Ongoing | 999, Not applicable",,,,,,"[ncipr_lasting_changes(1)]=1 or [ncipr_lasting_changes(2)]=1 or [ncipr_lasting_changes(3)]=1 or [ncipr_lasting_changes(4)]=1 or [ncipr_lasting_changes(5)]=1 or [ncipr_lasting_changes(6)]=1 or [ncipr_lasting_changes(7)]=1 or [ncipr_lasting_changes(8)]=1 or [ncipr_lasting_changes(9)]=1 or [ncipr_lasting_changes(10)]=1 or [ncipr_lasting_changes(11)]=1 or [ncipr_lasting_changes(12)]=1 or [ncipr_lasting_changes(13)]=1 or  [ncipr_lasting_changes(14)]=1 or [ncipr_lasting_changes(15)]=1 or [ncipr_lasting_changes(16)]=1 or  [ncipr_lasting_changes(17)]=1 or [ncipr_lasting_changes(18)]=1 or [ncipr_lasting_changes(19)]=1 or [ncipr_lasting_changes(20)]=1 or [ncipr_lasting_changes(21)]=1 or
[ncipr_lasting_changes(22)]=1 or [ncipr_lasting_changes(23)]=1 or [ncipr_lasting_changes(24)]=1 or
[ncipr_lasting_changes(25)]=1 or [ncipr_lasting_changes(26)]=1 or [ncipr_lasting_changes(27)]=1 or [ncipr_lasting_changes(28)]=1 or [ncipr_lasting_changes(29)]=1",y,,,,,
ncipr_lasting_cognitive,novel_coronavirus_covid_illness_patient_report_nci,,radio,"Have you experienced any cognitive or memory problems as a result of your COVID illness?","1, Yes | 0, No | 999, I prefer not to answer",,,,,,"[ncipr_infected_covid] = '1'",y,,,,,
ncipr_return_health_when,novel_coronavirus_covid_illness_patient_report_nci,,radio,"When do you expect to be fully recovered from your COVID illness and back to full health?","0, I am fully recovered and healthy | 1, Within 6 months | 2, Within 12 months | 3, Within 1-2 years | 4, More than 3 years | 5, It is unlikely I will regain full health, and long-term impact is likely to be mild | 6, It is unlikely I will regain full health, and long-term impact is likely to be moderate | 7, It is unlikely I will regain full health, and long-term impact is likely to be severe",,,,,,"[ncipr_infected_covid] = '1'",y,,,,,
ncipr_lasting_mood,novel_coronavirus_covid_illness_patient_report_nci,,radio,"What kind of lingering mood symptoms did you experience as a result of your COVID illness? (check one)","1, Depressed mood | 2, Anxiety / nervousness | 3, Irritation / short temper / agitation | 4, Lack of feeling / loss of interest | 0, None of these | 5, Other",,,,,,"[ncipr_lasting_changes(26)] = '1'",y,,,,,
ncipr_how_anxious_other,novel_coronavirus_covid_illness_patient_report_nci,,text,"Please specify:",,,,,,,"[ncipr_lasting_mood] = '5'",,,,,,
ncipr_lasting_cognitive_detail,novel_coronavirus_covid_illness_patient_report_nci,,checkbox,"What kind of cognitive or memory problems did you experience as a result of your COVID illness? (check all)","1, Language | 2, Attention | 3, Long-term memory (e.g., where I was born) | 4, Short-term memory (e.g., what I ate for breakfast) | 5, Perception | 6, Learning | 7, Reasoning | 8, Intelligence | 9, None of these | 10, Other",,,,,,"[ncipr_lasting_cognitive] = '1'",y,,,,,
ncipr_lasting_cognitive_other,novel_coronavirus_covid_illness_patient_report_nci,,text,"Please specify:",,,,,,,"[ncipr_lasting_cognitive_detail(10)] = '1'",y,,,,,
ncipr_lasting_changes_time,novel_coronavirus_covid_illness_patient_report_nci,,dropdown,"How long did you experience lasting changes in your general health after fully recovering from COVID sickness?","1, less than 1 week | 2, 1 week | 3, 2 weeks | 4, 3 weeks | 5, 4 weeks | 6, 5 weeks | 7, 6 week | 8, 7 weeks | 9, 8 weeks | 10, 9 weeks | 12, 10 weeks | 13, more than 10 weeks | 0, I did not experience lasting changes | 999, I prefer not to answer",,,,,,"[ncipr_lasting_changes(1)] = '1' or [ncipr_lasting_changes(2)] = '1' or [ncipr_lasting_changes(3)] = '1' or [ncipr_lasting_changes(4)] = '1' or [ncipr_lasting_changes(5)] = '1' or [ncipr_lasting_changes(6)] = '1' or [ncipr_lasting_changes(7)] = '1' or [ncipr_lasting_changes(8)] = '1' or [ncipr_lasting_changes(9)] = '1' or [ncipr_lasting_changes(10)] = '1' or [ncipr_lasting_changes(11)] = '1' or [ncipr_lasting_changes(12)] = '1' or [ncipr_lasting_changes(13)] = '1' or [ncipr_lasting_changes(14)] = '1' or [ncipr_lasting_changes(15)] = '1' or [ncipr_lasting_changes(16)] = '1' or [ncipr_lasting_changes(17)] = '1' or [ncipr_lasting_changes(18)] = '1' or [ncipr_lasting_changes(19)] = '1' or [ncipr_lasting_changes(20)] = '1' or [ncipr_lasting_changes(21)] = '1' or [ncipr_lasting_changes(22)] = '1' or [ncipr_lasting_changes(23)] = '1' or [ncipr_lasting_changes(24)] = '1' or [ncipr_lasting_changes(25)] = '1' or [ncipr_lasting_changes(26)] = '1' or [ncipr_lasting_changes(27)] = '1' or [ncipr_lasting_changes(28)] = '1' or [ncipr_lasting_changes(29)] = '1' or [ncipr_lasting_cognitive] = '1'",y,,,,,
ncipr_how_anxious,novel_coronavirus_covid_illness_patient_report_nci,"VI. COVID Illness Experience",radio,"How much anxiety did you have about being ill with the COVID virus?","0, No anxiety | 1, Very mild anxiety | 2, Mild to moderate anxiety | 3, Moderate to severe anxiety | 4, Severe to Extreme anxiety | 5, Extreme anxiety",,,,,,"[ncipr_infected_covid] = '1'",y,,,,,
ncipr_why_anxious,novel_coronavirus_covid_illness_patient_report_nci,,text,"What was your greatest source of anxiety?",,,,,,,"[ncipr_how_anxious] = '1' or [ncipr_how_anxious] = '2' or [ncipr_how_anxious] = '3' or [ncipr_how_anxious] = '4' or [ncipr_how_anxious] = '5'",,,,,,
ncipr_how_disrupted,novel_coronavirus_covid_illness_patient_report_nci,,radio,"How much did your COVID illness disrupt your life?","0, No disruption | 1, Very mild disruption | 2, Mild to moderate disruption | 3, Moderate to severe disruption | 4, Severe to Extreme disruption | 5, Extreme disruption",,,,,,"[ncipr_infected_covid] = '1'",y,,,,,
ncipr_quarantine_kind_test,novel_coronavirus_covid_illness_patient_report_nci,,radio,"Which best describes your quarantine behavior when you were ill with COVID? ","0, <b> No quarantine </b> | 1, <b> Limited quarantine: </b>confined within home for fewer than 7 days, when possible avoided interactions with others in the home | 2, <b>Living with others - partial avoidance: </b>confined within home for more than 7 days, avoided non-affected others when possible | 3, <b>Living with others - restricted interactions: </b>confined within home; limited interactions with non-affected others within home and only while wearing a mask and socially distancing, for more than 7 days | 4, <b>Living with others - complete isolation: </b>confined within home to specific spaces away from non-affected others for at least 7 days | 5, <b>Independent living - isolation: </b>stayed in a residence by self for more than 7 days and rarely or never left residence",,,,,,"[ncipr_infected_covid] = '1'",y,,,,,
ncipr_med_care_rate,novel_coronavirus_covid_illness_patient_report_nci,,radio,"Were you satisfied with the medical care you received from medical professionals throughout your COVID illness?","1, Very satisfied | 2, Moderately satisfied | 3, Neutral | 4, Moderately dissatisfied | 5, Very dissatisfied | 999, Unsure",,,,,,"[ncipr_infected_covid] = '1'",y,,,,,
ncipr_other_household_covid,novel_coronavirus_covid_illness_patient_report_nci,,checkbox,"Did any other individuals that live full-time in your household become ill with COVID? ","0, None | 1, Partner/spouse | 2, Your baby (younger than 12 months old) | 3, One or more of your children (older than 12 months old) | 4, Parent | 5, Other",,,,,,"[ncipr_infected_covid] = '1'",y,,,,,
ten_days_activity_01,novel_coronavirus_covid_illness_patient_report_nci,"VII. Current Situation",checkbox,"In the last 10 days, have you...","1, Gone out to a restaurant, bar, club or other place where people gather? | 2, Visited with friends, relatives or neighbors that are older than 60 years old? | 3, Gone to the grocery store, pharmacy, food market? | 4, Visited a retail store to buy non-food items such as clothing, decorations, gifts, sporting goods? | 5, Visited with a friend, neighbor or relative? | 6, Had food delivered to your home or ordered take-out/take-away at a restaurant? | 7, Had more than 4 friends, neighbors or relatives over to your house at one time? | 8, Shared a car ride with individuals not living in your home? | 9, Taken public transportation? | 10, Gone to a gathering where there were more than 10 people, such as a sports game, performance, reunion, wedding, funeral, party? | 11, Gone to a faith based gathering such as a church, synagogue, temple or mosque? | 0, None of these apply",,,,,,,y,,,,,
ncipr_pet,novel_coronavirus_covid_illness_patient_report_nci,,checkbox,"Do you have pets in your home? (check all) ","1, Dog(s) | 2, Cat(s) | 3, Bird(s) | 4, Reptiles(s) | 5, Rodents | 6, Fish | 7, Other | 0, None of these apply",,,,,,,y,,,,,
ncipr_pet_01_num,novel_coronavirus_covid_illness_patient_report_nci,,text,"Number of: Dog(s)",,,,,,,[ncipr_pet(1)]=1,y,,,,,
ncipr_pet_02_num,novel_coronavirus_covid_illness_patient_report_nci,,text,"Number of: Cat(s)",,,,,,,[ncipr_pet(2)]=1,y,,,,,
ncipr_pet_03_num,novel_coronavirus_covid_illness_patient_report_nci,,text,"Number of: Bird(s)",,,,,,,[ncipr_pet(3)]=1,y,,,,,
ncipr_pet_04_num,novel_coronavirus_covid_illness_patient_report_nci,,text,"Number of: Reptiles(s)",,,,,,,[ncipr_pet(4)]=1,y,,,,,
ncipr_pet_05_num,novel_coronavirus_covid_illness_patient_report_nci,,text,"Number of: Rodents",,,,,,,[ncipr_pet(5)]=1,y,,,,,
ncipr_pet_06_num,novel_coronavirus_covid_illness_patient_report_nci,,text,"Number of: Fish",,,,,,,[ncipr_pet(6)]=1,y,,,,,
ncipr_pet_other,novel_coronavirus_covid_illness_patient_report_nci,,text,"Please specify other:",,,,,,,[ncipr_pet(7)]=1,y,,,,,
ncipr_pet_07_num,novel_coronavirus_covid_illness_patient_report_nci,,text,"Number of: Other",,,,,,,[ncipr_pet(7)]=1,y,,,,,
ncipr_vaccine_received,novel_coronavirus_covid_illness_patient_report_nci,,radio,"At this time have you received a COVID-19 vaccine?","1, Yes (1 or 2 doses) | 0, No | 999, Unsure",,,,,,,y,,,,,
ncipr_vaccine_received_date,novel_coronavirus_covid_illness_patient_report_nci,,radio,"When did you receive the COVID-19 vaccine?","1, Prior to Jan 2021 | 2, Jan 2021 | 3, Feb 2021 | 4, March 2021 | 5, April 2021 | 6, May 2021 | 7, June 2021",,,,,,"[ncipr_vaccine_received] = '1'",,,,,,
ncipr_which_vaccine,novel_coronavirus_covid_illness_patient_report_nci,,radio,"Which vaccine did you receive (choose one)?","1, Pfizer vaccine - First dose only | 2, Pfizer vaccine - First and Second Dose | 3, Moderna vaccine - First dose only | 4, Moderna vaccine - First and Second Dose | 5, Other | 6, I do not know",,,,,,"[ncipr_vaccine_received] = '1'",y,,,,,
ncipr_which_vaccine_other,novel_coronavirus_covid_illness_patient_report_nci,,radio,"Which other vaccine did you receive?","1, AstraZeneca vaccine | 2, Janssen vaccine | 3, Novavax COVID-19 vaccine | 4, Johnson and Johnson vaccine | 0, None of these",,,,,,"[ncipr_which_vaccine] = '5'",y,,,,,
ncipr_vaccine_had_side,novel_coronavirus_covid_illness_patient_report_nci,,radio,"Did you experience any side effects within 2 weeks after the FIRST vaccine?","1, Yes | 0, No | 2, I do not know",,,,,,"[ncipr_vaccine_received] = '1'",y,,,,,
ncipr_vaccine_side_effects,novel_coronavirus_covid_illness_patient_report_nci,,checkbox,"Which side effect did you experience (check all that apply)","1, Pain where shot was given | 2, Fever >100.4F | 3, Fatigue/tiredness | 4, Headache | 5, Muscle pain in parts of your body beyond where shot was given | Immediate, severe allergic reaction (including difficulty breathing and feeling faint, and possibly also skin rash, nausea and/or vomiting) | 6, Skin rash | 7, Facial swelling | 8, Other",,,,,,"[ncipr_vaccine_had_side] = '1'",y,,,,,
ncipr_vaccine_side_effects_other,novel_coronavirus_covid_illness_patient_report_nci,,text,"Describe other:",,,,,,,"[ncipr_vaccine_side_effects(8)] = '1'",y,,,,,
ncipr_vaccine2_had_side,novel_coronavirus_covid_illness_patient_report_nci,,radio,"Did you experience any side effects within 2 weeks after the SECOND vaccine?","1, Yes | 0, No | 2, I do not know",,,,,,"[ncipr_which_vaccine] = '2' or [ncipr_which_vaccine] = '4'",y,,,,,
ncipr_vaccine2_side_effects,novel_coronavirus_covid_illness_patient_report_nci,,checkbox,"Which side effects did you experience within 2 weeks after the SECOND vaccine (check all that apply)","1, Pain where shot was given | 2, Fever >100.4F | 3, Fatigue/tiredness | 4, Headache | 5, Muscle pain in parts of your body beyond where shot was given | Immediate, severe allergic reaction (including difficulty breathing and feeling faint, and possibly also skin rash, nausea and/or vomiting) | 6, Skin rash | 7, Facial swelling | 8, Other",,,,,,"[ncipr_vaccine2_had_side] = '1'",y,,,,,
ncipr_vaccine2_side_effects_other,novel_coronavirus_covid_illness_patient_report_nci,,text,"Other (please describe):",,,,,,,"[ncipr_vaccine2_side_effects(8)] = '1'",y,,,,,
ncipr_vaccine_relaxed_behavior,novel_coronavirus_covid_illness_patient_report_nci,,yesno,"Have you relaxed your COVID-19 safety behaviors (e.g., social distancing, mask wearing, travel) now that you have received the COVID-19 vaccine?",,,,,,,"[ncipr_vaccine_received] = '1'",y,,,,,
ncipr_if_offered_vaccine,novel_coronavirus_covid_illness_patient_report_nci,,radio,"If you were offered the COVID vaccine tomorrow, what would you do?","1, I would definitely choose to get vaccinated | 2, I would probably choose to get vaccinated | 3, I would probably choose NOT to get vaccinated | 4, I would definitely NOT choose to get vaccinated",,,,,,"[ncipr_vaccine_received] = '0'",y,,,,,
ncipr_vaccine_will_relax_behavior,novel_coronavirus_covid_illness_patient_report_nci,,radio,"Do you think that you will relax your COVID-19 safety behaviors (e.g., social distancing, mask wearing, travel) once you receive the COVID-19 vaccine?","1, Yes | 0, No",,,,,,"[ncipr_vaccine_received] = '0'",y,,,,,
ncipr_has_children,novel_coronavirus_covid_illness_patient_report_nci,,radio,"Do you have children? (indicate YES if pregnant now, if partner of pregnant female, or if trying to conceive)","1, Yes | 0, No",,,,,,,y,,,,,
ages_of_children,novel_coronavirus_covid_illness_patient_report_nci,,checkbox,"What are the ages of your children? (check all that apply)","19, Trying to conceive | 0, Currently pregnant / or partner of pregnant female | 21, 0-12 months | 1, 1 year | 2, 2 years | 3, 3 years | 4, 4 years | 5, 5 years | 6, 6 years | 7, 7 years | 8, 8 years | 9, 9 years | 10, 10 years | 11, 11 years | 12, 12 years | 13, 13 years | 14, 14 years | 15, 15 years | 16, 16 years | 17, 17 years | 18, 18 years | 20, Older than 18 years",,,,,,"[ncipr_has_children] = '1'",y,,,,,
ncipr_breastfeeding_infant,novel_coronavirus_covid_illness_patient_report_nci,,radio,"Are you currently breastfeeding an infant?","1, Yes | 0, No | 2, I do not know",,,,,,"[ncipr_gender(2)] = '1' and [ages_of_children(21)] = '1'",y,,,,,
ncipr_breastfeeding_baby_side_effects,novel_coronavirus_covid_illness_patient_report_nci,,radio,"Did your breastfeeding baby experience any side effects following your vaccination?","1, Yes | 0, No | 2, I do not know",,,,,,"[ncipr_breastfeeding_infant] = '1' and [ncipr_vaccine_received] = '1'",y,,,,,
ncipr_infant_side_effects,novel_coronavirus_covid_illness_patient_report_nci,,checkbox," Which side effect did your infant experience? (check all that apply)","1, Fatigue/tiredness | 2, Immediate allergic reaction | 3, Skin rash | 4, Facial swelling | 5, Eczema or itchy, cracked, and rough skin | 6, Other",,,,,,"[ncipr_breastfeeding_baby_side_effects] = '1'",y,,,,,
ncipr_infant_side_effect_other,novel_coronavirus_covid_illness_patient_report_nci,,text,"Describe other:",,,,,,,"[ncipr_infant_side_effects(6)] = '1'",y,,,,,
ncipr_covid_vaccine_plans,novel_coronavirus_covid_illness_patient_report_nci,,radio,"Which of the following applies to your plans about the COVID vaccine? (check one)","1, I plan on getting the COVID vaccine as soon as it is available to me | 2, I plan on getting the COVID vaccine when I am no longer pregnant | 3, I plan on getting the COVID vaccine later in my pregnancy | 4, I plan on getting the COVID vaccine when I am no longer breastfeeding | 5, I do not plan on getting the COVID vaccine",,,,,,"[ncipr_vaccine_received] = '2' and ([ages_of_children(0)] = '1' or [ncipr_breastfeeding_infant] = '1')",y,,,,,
ncipr_children_infected,novel_coronavirus_covid_illness_patient_report_nci,,radio,"Has your child (or children) been infected with COVID?","1, Yes, and tested positive or had antibodies | 2, Yes, was ill but not confirmed with formal testing | 0, No, my child (or children) have not been infected with COVID | 999, I am unsure",,,,,,"[ncipr_has_children] = '1'",y,,,,,
ncipr_children_infected_ages,novel_coronavirus_covid_illness_patient_report_nci,,text,"Ages of children infected with COVID: ",,,,,,,"[ncipr_children_infected] = '1' or [ncipr_children_infected] = '2'",y,,,,,
ncipr_vaccine_children,novel_coronavirus_covid_illness_patient_report_nci,,radio,"Which of the following applies to your plans about the COVID vaccine for your child(ren)?","1, I plan on getting the COVID vaccine for my child(ren) as soon as it is available | 2, I plan on getting the COVID vaccine for my child(ren) eventually | 3, I do not plan on getting the COVID vaccine for my child(ren) | 4, I am unsure",,,,,,"[ncipr_has_children] = '1'",y,,,,,
ncipr_citation,novel_coronavirus_covid_illness_patient_report_nci,,descriptive,"citation: Thomason, M.E., Brito, N.H. (2020). Novel Coronavirus (COVID) Illness - Patient Report (NCI-PR) Survey. ",,,,,,,,,,,,," @HIDDEN-SURVEY"
ncipr_progress_55_note,novel_coronavirus_covid_illness_patient_report_nci,,descriptive,"Click ""Submit"" (below) to continue on your survey
Click ""Save and Return Later"" (below) to save up until this point and send yourself a link to return later to continue",,,,,,,,,,,,,
ncipr_progress_55,novel_coronavirus_covid_illness_patient_report_nci,,descriptive,"<div style=""width:100%;border:0;margin:0;padding:0;background-color:#A9BAD1;text-align:center;""><div style=""width:55%;border: 0;margin:0;padding:0;background-color:#0b5394;""><span style=""color:white"">55% Complete</span></div></div>",,,,,,,,,,,,,
